id,title,levelId
1,Steel Digitized Fiji Dollar,1
2,programming green Democratic People's Republic of Korea,1
3,Technician,1
4,Marketing,1
5,orange,1
6,primary Executive,1
7,Division incremental customized,1
8,cutting-edge,1
9,Kyrgyz Republic Developer Business-focused,1
10,Dynamic pixel back-end,1
11,copying parallelism,1
12,grey deposit Ergonomic,1
13,Innovative,1
14,models Licensed Concrete Table impactful,1
15,Home Loan Account,1
16,sensor card,1
17,magenta application Bike,1
18,dynamic wireless,1
19,Forward,1
20,Money Market Account empower,1
21,Developer SSL,1
22,Buckinghamshire Handcrafted navigate,1
23,payment framework Developer,1
24,turquoise,1
25,Alaska indexing next generation,1
26,Central,1
27,Shirt Borders Licensed Rubber Salad,1
28,Garden,1
29,partnerships,1
30,override integrate,1
31,Borders,1
32,input generate homogeneous,1
33,Taiwan infomediaries,2
34,firmware,2
35,Awesome mobile,2
36,Engineer,2
37,front-end Facilitator,2
38,XSS frictionless East Caribbean Dollar,2
39,Chips Producer back-end,2
40,Oklahoma reinvent Louisiana,2
41,HDD Product killer,2
42,Nevada Fundamental Sports,2
43,Architect wireless Practical Steel Bacon,2
44,e-markets indigo Expanded,2
45,Handmade Fantastic,2
46,Stravenue Identity,2
47,bus Buckinghamshire,2
48,SDD hierarchy users,2
49,Shirt 6th generation,2
50,EXE visualize Response,2
51,invoice deposit,2
52,green high-level,2
53,Generic Granite Pants methodologies mission-critical,2
54,UAE Dirham Handcrafted Frozen Tuna bluetooth,2
55,exuding,2
56,synergy Alabama,2
57,SSL Credit Card Account Savings Account,2
58,monitor morph Handcrafted Steel Soap,2
59,copy RSS Jewelery,2
60,collaborative Knolls,2
61,silver,2
62,International e-commerce,2
63,Alaska Gloves,2
64,redundant Awesome Wooden Table,2
65,HDD Key transmitter,2
66,bleeding-edge Intranet next generation,3
67,Oregon Assistant,3
68,Specialist parse redundant,3
69,portal,3
70,Handmade,3
71,Small Rubber Pants Ouguiya Table,3
72,Supervisor Response,3
73,Small extensible overriding,3
74,Computer New York,3
75,calculating yellow interactive,3
76,RSS channels Lodge,3
77,Steel,3
78,Cotton Rustic Plastic Chicken,3
79,moratorium,3
80,connect,3
81,THX,3
82,Gorgeous,3
83,Internal overriding,3
84,Unbranded Rubber Chair Expanded Generic,3
85,payment Lead,3
86,Riel,3
87,navigating,3
88,Nevada HTTP hacking,3
89,Ergonomic Plastic Keyboard upward-trending array,3
90,compelling navigating,3
91,Facilitator Generic,3
92,deposit,3
93,rich action-items,3
94,Consultant,3
95,users violet Internal,3
96,innovate Internal,3
97,dynamic FTP Guam,3
98,invoice synthesizing,3
99,Specialist,3